movie_id,movie_title,genre,release_year,rating
1,Lonely Dream,Comedy,1997,1.4
2,Final Dream,Romance,2011,6.4
3,Golden Quest,Comedy,1986,6.8
4,Secret Storm,Sci-Fi,2022,8.2
5,Hidden Dream,Thriller,2013,10
6,Lost Hunter,Crime,1985,3.4
7,Shattered Storm,Sci-Fi,2000,9.5
8,Shattered Forest,Horror,2006,6.7
9,Dark Island,Action,2000,5.6
10,Final Quest,Sport,2013,5.7
11,Brave Dream,Action,1994,2.1
12,Hidden Journey,Drama,2015,6.2
13,Shattered Dream,War,2012,3
14,Shattered Chronicle,Historical,2025,1.8
15,Secret Chronicle,Adventure,2014,1.5
16,Wild Forest,Romance,1991,4.4
17,Frozen Empire,Historical,1980,9
18,Hidden Legacy,Historical,1984,8.2
19,Secret Journey,War,1991,9.9
20,Final Warrior,Adventure,1998,4.2
21,Golden Mission,Adventure,1981,9.5
22,Silent Hunter,Family,1981,10
23,Lonely Guardian,Historical,1992,4.4
24,Secret Warrior,Sport,2022,2.2
25,Lonely Quest,Animation,1994,4.2
26,Final Warrior,Drama,2017,5.8
27,Fallen Legacy,Music,2022,2.1
28,Wild Memory,Action,2019,9
29,Silent Legacy,Fantasy,1984,9.2
30,Shattered Battle,Sci-Fi,2006,1
31,Crimson Warrior,Thriller,2021,9.3
32,Hidden Island,Drama,2000,9.6
33,Silent Chronicle,Sport,1991,2.2
34,Wild Journey,Horror,2023,6.3
35,Wild Memory,Family,1995,9.4
36,Shattered Kingdom,Mystery,2007,2.9
37,Broken Island,Documentary,2024,5.1
38,Furious Rescue,War,1981,9.6
39,Shattered Guardian,Fantasy,2001,2
40,Hidden Legacy,Action,1984,1.4
41,Eternal Kingdom,Drama,2004,5.7
42,Midnight Ocean,Comedy,2012,3
43,Furious Guardian,Crime,1985,3.6
44,Fallen Warrior,Mystery,1995,2.1
45,Lost Quest,Sport,1981,4.7
46,Rising Dream,Thriller,2023,8
47,Burning Island,Documentary,1990,3.6
48,Dark Quest,Drama,1994,4.9
49,Lonely Rescue,Music,1991,2.8
50,Midnight Memory,War,2020,1.9
51,Final Mission,Sport,2004,8.8
52,Fallen Chronicle,Sport,2008,5.2
53,Fallen Guardian,Sci-Fi,1998,2.8
54,Rising Forest,Thriller,2011,5.8
55,Broken Journey,Crime,1994,2.6
56,Final Kingdom,Family,2002,3.2
57,Frozen Shadow,Sci-Fi,2003,5.2
58,Furious Guardian,Comedy,2008,4.1
59,Broken Memory,Comedy,1981,6.9
60,Wild Storm,Crime,1985,9.9
61,Wild Forest,Adventure,2022,4.1
62,Lonely Dream,Fantasy,2018,8
63,Brave Mission,Family,2002,8.2
64,Hidden Shadow,Horror,1989,1.4
65,Burning Forest,Thriller,1991,5.8
66,Crimson Quest,Historical,2021,4.2
67,Secret Mission,Drama,2001,6.3
68,Furious Forest,Sci-Fi,1995,1.7
69,Broken Empire,Sport,1983,3.7
70,Dark Forest,Action,2002,8.2
71,Furious Shadow,War,2005,9.5
72,Crimson City,Fantasy,1992,6.2
73,Shattered Guardian,Animation,1983,1.1
74,Wild Battle,Action,1982,6.1
75,Hidden Memory,Sport,2015,8.4
76,Furious Battle,Family,2025,4.4
77,Eternal Empire,Comedy,2014,7.9
78,Fallen Legacy,Mystery,1993,7.2
79,Crimson Island,Sport,2022,8.7
80,Hidden Legacy,Sport,2022,5
81,Furious Quest,War,2014,3.6
82,Brave Chronicle,Comedy,1992,8.2
83,Frozen Guardian,Sport,1996,3.8
84,Rising Ocean,Animation,2025,2.4
85,Dark Guardian,War,2003,8.9
86,Wild Chronicle,Fantasy,1986,1.5
87,Hidden Battle,Adventure,1984,7.9
88,Dark Mission,Drama,2021,3.9
89,Secret Storm,Music,2001,1.8
90,Midnight Journey,Thriller,1983,5.1
91,Rising Ocean,Sci-Fi,1987,4
92,Hidden Legacy,Sci-Fi,1982,4
93,Fallen Memory,Sport,1999,5.9
94,Silent Battle,Thriller,2020,5.8
95,Eternal Battle,Crime,2020,2.1
96,Shattered Guardian,Animation,2006,7
97,Broken Legacy,Music,2022,6.4
98,Shattered Kingdom,Sport,1984,2.6
99,Crimson Rescue,Crime,2021,2.9
100,Crimson Kingdom,Music,2018,8.8
101,Crimson Warrior,Animation,2016,3.7
102,Frozen Shadow,Animation,2004,9.2
103,Rising Mission,Thriller,2022,1.6
104,Midnight Hunter,Mystery,2008,5.4
105,Crimson Dream,Adventure,2008,2.1
106,Furious Dream,Documentary,2011,6.5
107,Midnight Warrior,Comedy,2020,6.2
108,Furious Storm,Comedy,2011,8.2
109,Dark Hunter,Historical,1996,1
110,Hidden Mission,Thriller,2021,8.5
111,Silent Kingdom,Documentary,1984,4.4
112,Eternal Rescue,Music,1992,1.4
113,Frozen Storm,Music,1990,8.6
114,Silent Quest,War,2025,3.4
115,Crimson Rescue,Mystery,2017,8.9
116,Shattered Rescue,Crime,1991,2
117,Rising Battle,Action,1988,2.6
118,Shattered Memory,Romance,2008,9.1
119,Midnight Mission,Mystery,2002,8.6
120,Broken Memory,Sci-Fi,2020,6.6
121,Eternal Ocean,Fantasy,2022,6.3
122,Lonely Hunter,Crime,2020,1.2
123,Lost Quest,War,2009,4.6
124,Golden Island,Mystery,2007,1.3
125,Secret Island,Thriller,2008,3
126,Rising Quest,Horror,2016,1.7
127,Dark Hunter,Mystery,2012,8.2
128,Rising Guardian,Music,2009,4.5
129,Midnight Warrior,Horror,2009,2.9
130,Secret Ocean,Sport,1983,9.8
131,Silent Rescue,Crime,2012,1.2
132,Crimson Ocean,Thriller,1982,2.7
133,Midnight Hunter,Music,2017,5.3
134,Shattered City,Family,1983,8.7
135,Lonely Legacy,Mystery,1981,1.4
136,Brave Battle,Sport,2024,5.4
137,Hidden Kingdom,Comedy,2003,8.9
138,Midnight Dream,Romance,2023,9.4
139,Midnight Battle,War,1993,7.7
140,Fallen Memory,Action,1996,3
141,Eternal Shadow,Family,2015,4.9
142,Wild Storm,Sport,2021,8.8
143,Lonely Chronicle,Fantasy,2012,7.4
144,Burning Battle,Adventure,2000,9.5
145,Dark Quest,Documentary,1985,6.5
146,Rising Empire,Mystery,2017,4.8
147,Eternal Dream,Animation,2004,3.5
148,Hidden Journey,Music,1994,2.3
149,Wild Mission,Music,1981,5.2
150,Furious Rescue,Music,2008,3.5
151,Crimson Kingdom,Mystery,1987,2.5
152,Rising Forest,Mystery,1982,4
153,Final Storm,Romance,1983,7.2
154,Burning Chronicle,Romance,1989,5.8
155,Hidden Dream,War,2006,5.4
156,Lonely Mission,Historical,1987,5.3
157,Hidden Journey,Fantasy,2004,2.8
158,Frozen Quest,Comedy,1982,9.7
159,Fallen Shadow,Action,2007,3.8
160,Eternal Quest,Fantasy,1998,4.9
161,Dark Hunter,Music,1998,7.3
162,Furious Chronicle,Drama,2013,2.8
163,Brave Island,Comedy,2002,5.3
164,Crimson Storm,Adventure,1994,1.8
165,Final Battle,Action,2002,8.6
166,Golden Dream,Comedy,1982,5.4
167,Midnight Storm,Action,2019,5.2
168,Frozen Legacy,Sci-Fi,2004,5.9
169,Golden Dream,Documentary,2016,2.2
170,Lost City,Mystery,1988,1.6
171,Golden Battle,Fantasy,2005,9.2
172,Dark Island,War,2021,8.9
173,Fallen Empire,Drama,1999,7.7
174,Rising Empire,Romance,2017,3.4
175,Dark Kingdom,Fantasy,1985,5.7
176,Final Forest,Romance,2024,4
177,Rising Journey,Horror,2016,5.2
178,Fallen Quest,Mystery,1990,5.7
179,Burning Shadow,Fantasy,2010,4.6
180,Midnight Mission,Sci-Fi,1997,2.1
181,Midnight Rescue,Adventure,1996,3.9
182,Rising Chronicle,Crime,1987,8.6
183,Furious Hunter,Historical,2006,8.2
184,Hidden City,Documentary,2011,9.6
185,Fallen Kingdom,Sport,2008,9.6
186,Rising Shadow,Action,1988,9.4
187,Hidden Ocean,Historical,1997,9.9
188,Secret City,Sport,1982,9.5
189,Golden Hunter,War,2002,6.8
190,Furious Guardian,Family,2015,7.4
191,Brave Journey,Fantasy,1992,9.9
192,Lost Ocean,Horror,1987,1.1
193,Eternal Empire,Animation,2019,2.8
194,Eternal Guardian,Fantasy,2002,3.9
195,Dark City,Sci-Fi,2002,3.4
196,Final City,Romance,2015,7.8
197,Burning Journey,Adventure,2011,2.3
198,Burning Empire,Drama,1983,7.1
199,Burning Ocean,Romance,2024,9.6
200,Secret Ocean,Adventure,1980,9.8
201,Midnight Memory,War,2001,9.9
202,Secret Shadow,Sci-Fi,1994,6.9
203,Crimson Island,Action,1993,1.9
204,Lost Empire,Comedy,2002,9.9
205,Fallen Shadow,Sci-Fi,2015,6.6
206,Hidden Kingdom,Music,1992,6
207,Golden Dream,War,1997,4.4
208,Lonely Forest,Crime,1995,1.4
209,Lost Ocean,Horror,2013,7.1
210,Fallen Mission,Sport,2024,3.4
211,Dark Warrior,Drama,1982,6.3
212,Rising City,War,1983,4.4
213,Lonely Mission,Horror,2008,3.4
214,Dark Memory,Drama,2009,5
215,Hidden Empire,Sci-Fi,1994,9.7
216,Golden Empire,Documentary,1980,3.3
217,Wild Forest,Mystery,2021,2.7
218,Lost Battle,Comedy,2021,8.8
219,Broken Memory,Comedy,1985,8.8
220,Shattered Warrior,Drama,2012,1.5
221,Final Memory,Comedy,1982,7.6
222,Lonely Shadow,Animation,2011,7.2
223,Shattered City,Crime,2018,3.7
224,Secret Battle,Adventure,2021,1.7
225,Golden Quest,Action,2020,8.3
226,Golden Empire,Sci-Fi,1990,9.6
227,Lonely Shadow,Historical,1982,4.1
228,Broken Storm,Sport,2008,4.1
229,Secret Memory,Family,2013,6.5
230,Shattered Kingdom,War,1984,5.1
231,Crimson Quest,Animation,2013,3.6
232,Final Guardian,Action,2008,7.6
233,Dark Ocean,Adventure,2003,1.1
234,Dark Ocean,War,2007,9.8
235,Fallen Legacy,Mystery,2013,7.3
236,Fallen Warrior,War,2002,2.2
237,Lost Forest,Action,2012,1.3
238,Eternal Guardian,Horror,1998,1.8
239,Furious Storm,Sport,1997,2.6
240,Dark Empire,Animation,1985,9.8
241,Lost Empire,Comedy,1996,1.5
242,Lonely Guardian,Horror,1983,1.5
243,Secret Rescue,Family,2005,3.1
244,Final Ocean,Horror,2002,9.9
245,Burning Shadow,Romance,2010,8.9
246,Furious Legacy,Action,2002,4.3
247,Dark Dream,Horror,1986,1.5
248,Brave Chronicle,Comedy,2016,4.8
249,Eternal Forest,Drama,2024,9.8
250,Frozen Forest,Comedy,2013,5.7
251,Midnight Quest,Historical,1994,2.6
252,Burning Chronicle,Horror,2004,4.3
253,Midnight Dream,Thriller,2013,7.7
254,Furious Forest,Historical,2000,5.9
255,Frozen Journey,Romance,2007,9.1
256,Midnight Warrior,Action,1996,9.7
257,Burning Dream,Comedy,1998,6.7
258,Midnight Guardian,Comedy,1986,5.7
259,Rising Legacy,Action,2001,3.8
260,Hidden Shadow,Documentary,2018,5.4
261,Golden Shadow,Drama,1981,2.4
262,Brave Rescue,Romance,2006,1.5
263,Crimson Guardian,Historical,1988,8.4
264,Fallen Journey,Music,2024,8
265,Lost Kingdom,Mystery,2020,7.2
266,Broken Storm,Documentary,2016,8.9
267,Frozen Guardian,Family,1980,8.7
268,Golden City,Documentary,2008,3
269,Wild Quest,Sci-Fi,2014,1.3
270,Midnight Mission,Music,2011,7.1
271,Final Dream,Mystery,2022,5.5
272,Frozen Battle,Documentary,2018,2.5
273,Furious Forest,War,2004,3.4
274,Silent Legacy,Romance,2021,2.6
275,Final Empire,Sci-Fi,1980,2.9
276,Furious Mission,Action,2025,6.9
277,Brave Legacy,Action,1996,4.1
278,Dark Dream,Horror,2006,8.9
279,Midnight Chronicle,Drama,2000,6.6
280,Rising Legacy,Horror,2004,3.4
281,Furious Battle,Horror,1981,5.8
282,Lost Journey,Action,1990,8
283,Eternal Quest,Sport,2019,8.2
284,Final Guardian,Crime,1980,3.5
285,Secret City,Documentary,1986,1.3
286,Secret Battle,War,1999,8.4
287,Eternal Memory,Drama,1996,8
288,Brave Quest,Sport,1999,6.1
289,Fallen City,Thriller,2006,3.3
290,Midnight Empire,Fantasy,2018,6.4
291,Fallen Journey,Historical,1983,8.8
292,Eternal Mission,Sci-Fi,1987,2.5
293,Dark Warrior,Action,2001,3.6
294,Dark Empire,Adventure,1988,5.6
295,Shattered Forest,Animation,1992,4.6
296,Crimson Shadow,Music,2020,9.6
297,Crimson Memory,Mystery,2016,8.9
298,Brave Warrior,Historical,2013,2
299,Lost Forest,Comedy,2012,7.3
300,Shattered Hunter,War,1986,1.4
301,Furious Kingdom,Comedy,2018,4.5
302,Midnight Empire,Historical,1993,8.5
303,Midnight City,Comedy,1997,7.6
304,Broken Kingdom,Music,2005,2.1
305,Crimson Legacy,Comedy,2014,1.9
306,Fallen Memory,Horror,1984,4
307,Shattered Memory,Music,2004,8.3
308,Secret City,Mystery,1991,7
309,Brave Dream,Adventure,2015,4.3
310,Furious Guardian,Thriller,2006,9.5
311,Shattered Empire,Comedy,1992,2.6
312,Secret Empire,Sci-Fi,1986,7.9
313,Wild Forest,Sport,2025,8.7
314,Broken Quest,Documentary,2017,2
315,Brave Mission,Romance,2017,3.1
316,Crimson Island,Drama,2019,5.3
317,Eternal Hunter,Music,1984,1.6
318,Hidden Storm,War,2024,1.9
319,Secret Battle,Adventure,2009,9.3
320,Final Legacy,Comedy,2023,5.1
321,Broken Battle,Comedy,2024,3.8
322,Shattered Empire,Fantasy,1990,6.5
323,Dark Memory,Family,1984,6.1
324,Lonely Kingdom,Adventure,1989,4.8
325,Dark Guardian,Horror,2004,3.1
326,Eternal Hunter,Adventure,2019,8.6
327,Rising Memory,Animation,2013,1.9
328,Frozen Shadow,Mystery,1989,3.5
329,Crimson Quest,Romance,2023,2.1
330,Hidden Island,Mystery,1991,4
331,Crimson Memory,Crime,2008,7.8
332,Rising Mission,Animation,2010,1.1
333,Midnight Dream,Sport,1990,2.6
334,Lost Hunter,Drama,2023,4.6
335,Eternal Storm,Family,2019,9.4
336,Fallen Island,Mystery,2000,5.6
337,Lonely Battle,Family,2005,2.1
338,Shattered Battle,Comedy,2021,2.3
339,Lost Hunter,Sport,1985,6
340,Shattered Legacy,Documentary,1992,9.1
341,Lonely Memory,Action,2011,7.8
342,Midnight Forest,Music,1983,7.2
343,Brave Mission,Documentary,2011,2.3
344,Dark Journey,Mystery,2011,3.8
345,Hidden Legacy,Drama,1993,9
346,Silent Kingdom,Sci-Fi,2025,3
347,Brave Guardian,Sci-Fi,1996,2.7
348,Furious Battle,Historical,2002,8.2
349,Burning Dream,Thriller,2005,7
350,Brave Island,Historical,2020,9.9
351,Silent City,Music,2014,5.6
352,Silent Hunter,Documentary,2025,6.7
353,Broken Kingdom,Drama,2015,5
354,Broken Battle,Fantasy,1996,3.4
355,Midnight Memory,Thriller,2007,7.5
356,Lost Memory,Comedy,1988,9.9
357,Golden Chronicle,Romance,1997,7.5
358,Eternal Kingdom,Family,1986,7.3
359,Hidden Empire,Thriller,1992,1.2
360,Midnight Hunter,Romance,2015,4.2
361,Secret Guardian,Sport,1982,3.5
362,Broken Island,Drama,1998,8.7
363,Final Rescue,Sci-Fi,1994,2
364,Fallen Shadow,Mystery,2012,8.6
365,Lost Guardian,Mystery,2012,7.8
366,Burning Legacy,Family,1980,4.3
367,Secret Chronicle,Fantasy,2003,9.4
368,Golden Kingdom,Adventure,2023,9.4
369,Burning Ocean,Horror,1994,3.8
370,Shattered Ocean,Music,2025,3.9
371,Broken Forest,Romance,2017,8.3
372,Golden Journey,Family,2012,9.6
373,Brave Quest,Fantasy,2016,2.5
374,Lost City,Documentary,2000,5.7
375,Hidden Ocean,Thriller,2025,4.4
376,Fallen Legacy,Fantasy,2013,3.4
377,Broken Warrior,Drama,2014,1.4
378,Fallen Quest,Adventure,1998,3.7
379,Eternal Forest,Romance,2001,7.6
380,Secret Mission,Sci-Fi,1983,2.2
381,Burning Chronicle,Action,1981,7.3
382,Frozen Warrior,Historical,2013,2.5
383,Eternal Rescue,Mystery,1982,2.2
384,Golden Empire,Mystery,2012,2.6
385,Rising Ocean,Romance,2019,9.8
386,Crimson City,Action,2006,9.2
387,Furious City,Family,2015,2.3
388,Fallen Island,Music,1988,5.8
389,Shattered Island,Drama,1995,5
390,Shattered Empire,Animation,2005,3.8
391,Golden Memory,Romance,1992,8.4
392,Secret Storm,Sport,1986,8.4
393,Final Kingdom,Crime,1995,2.7
394,Brave Empire,Horror,1994,5.3
395,Midnight Empire,Crime,1980,6
396,Shattered Empire,Mystery,2022,5.7
397,Brave Shadow,Horror,2025,3
398,Frozen Forest,Mystery,1985,6.2
399,Secret Shadow,Family,2023,7.9
400,Rising Legacy,Crime,2001,7.2
401,Burning Memory,Romance,1982,2.2
402,Fallen Legacy,Family,1984,8.1
403,Wild Empire,Action,2022,2.8
404,Midnight Warrior,Documentary,2007,4.4
405,Brave Mission,Music,2025,6.6
406,Midnight Empire,Documentary,2020,2.4
407,Burning Island,Adventure,1988,9.6
408,Eternal Battle,Crime,1987,2.4
409,Final City,Romance,2008,5.9
410,Golden Forest,Romance,1996,6
411,Fallen Dream,Adventure,2015,1.2
412,Broken Memory,Action,1996,5
413,Frozen Journey,Action,1992,5.7
414,Lonely Ocean,Adventure,1984,8.9
415,Hidden Memory,Documentary,1999,4.9
416,Rising Quest,Historical,1983,1.5
417,Midnight Kingdom,Adventure,1982,5.5
418,Furious Island,Action,1996,7
419,Brave Legacy,Drama,2013,2.3
420,Hidden Mission,Music,1998,5.8
421,Final Storm,Animation,2019,1.4
422,Silent Memory,Animation,1985,10
423,Wild Journey,War,1987,2.6
424,Hidden Quest,Animation,1983,5.9
425,Dark Empire,Romance,1991,7.8
426,Shattered Forest,Adventure,2016,6.5
427,Final Ocean,Crime,2000,6.4
428,Lost Island,Action,1994,6
429,Furious Quest,Horror,1989,1.5
430,Fallen Warrior,Sci-Fi,2009,7.3
431,Wild Kingdom,Drama,1986,3.1
432,Furious Empire,Historical,2005,5.8
433,Hidden Legacy,Historical,1993,6.4
434,Crimson Hunter,Fantasy,1990,6.3
435,Furious Kingdom,Fantasy,2000,2.5
436,Secret Hunter,War,1997,8.5
437,Rising Warrior,Fantasy,1982,6.1
438,Final Journey,War,1996,6.7
439,Final Empire,Adventure,2003,6.2
440,Lost City,Family,1988,3.4
441,Lost Mission,Fantasy,2021,8.5
442,Wild Legacy,Crime,2006,4.3
443,Secret Empire,Romance,2020,2.4
444,Dark Empire,Drama,2023,5.5
445,Fallen Mission,Horror,1984,6.8
446,Final Legacy,Comedy,1999,9.3
447,Midnight Forest,Comedy,2017,2.5
448,Frozen Guardian,Comedy,2012,6.3
449,Furious City,War,1993,7.5
450,Fallen Quest,Action,2010,5.9
451,Broken Warrior,Horror,1990,7.5
452,Brave Dream,Adventure,1997,10
453,Eternal Hunter,Documentary,2005,6
454,Frozen Legacy,Action,2024,2.6
455,Lost Quest,Music,2005,4.2
456,Fallen Mission,Sci-Fi,2008,4.2
457,Dark Dream,Music,1990,3.8
458,Wild Quest,Crime,2002,6
459,Wild Battle,Thriller,2015,9.6
460,Broken Journey,Music,1987,4
461,Fallen Ocean,War,1991,6.6
462,Brave Kingdom,Animation,2009,8.6
463,Wild Forest,Sci-Fi,2014,8.2
464,Frozen Kingdom,Romance,1983,7.5
465,Frozen Chronicle,Drama,1984,3
466,Secret Dream,Sci-Fi,2012,8.2
467,Crimson Warrior,Thriller,1993,9.1
468,Eternal Kingdom,Fantasy,2017,6.7
469,Silent Ocean,Thriller,1987,3.1
470,Rising Warrior,Crime,1984,3.9
471,Hidden Chronicle,War,1996,6.2
472,Lost Battle,Documentary,2022,5.1
473,Lonely Memory,Adventure,1981,7
474,Crimson Quest,Family,2001,3.2
475,Wild Storm,Fantasy,2003,3.6
476,Fallen Battle,Documentary,2000,6.2
477,Golden Mission,Comedy,2010,5.7
478,Brave Guardian,Romance,1982,9.6
479,Furious Memory,Thriller,1983,4.3
480,Shattered Warrior,Documentary,2012,5.2
481,Hidden Battle,Documentary,2016,9.7
482,Lost Mission,Documentary,1986,4.9
483,Silent City,Documentary,1982,1.4
484,Lonely Mission,Historical,1991,7.2
485,Rising Shadow,Documentary,2011,2.4
486,Midnight Ocean,Romance,2014,2.1
487,Midnight Guardian,Music,1988,2.8
488,Lost Legacy,Sport,2019,4.6
489,Midnight Forest,Fantasy,2018,5.4
490,Broken Hunter,Drama,2004,9.6
491,Lost Guardian,Animation,1980,7.8
492,Lonely Journey,War,2002,2.8
493,Secret Journey,Action,2024,9.2
494,Fallen Warrior,War,1992,9.8
495,Secret Empire,Crime,1988,4.1
496,Hidden Kingdom,Documentary,2024,7
497,Golden Warrior,Sci-Fi,2014,5.5
498,Eternal Ocean,Adventure,2006,5.1
499,Lonely City,Crime,2015,9.4
500,Rising Quest,Drama,2004,3.3
501,Final Legacy,Adventure,1983,5.3
502,Furious Memory,Drama,2005,4.8
503,Frozen City,Family,2001,1.6
504,Dark Dream,Sport,1994,7
505,Final Rescue,Thriller,1987,2.8
506,Lost Guardian,Adventure,1992,3.5
507,Secret Journey,Music,2020,4.6
508,Golden Empire,Thriller,2009,6.2
509,Midnight Empire,War,2016,3.6
510,Golden Journey,Action,1990,9.3
511,Lost City,Action,1980,2.7
512,Shattered Mission,Mystery,2014,3.3
513,Rising Rescue,Romance,2000,2.3
514,Final Battle,Sport,2015,7.3
515,Broken Chronicle,Animation,2001,5.6
516,Crimson Rescue,Fantasy,2002,8.6
517,Midnight Warrior,Mystery,2021,4.2
518,Lost Mission,Crime,2013,7.1
519,Fallen Hunter,Mystery,2023,8.9
520,Rising Ocean,Adventure,2010,9.2
521,Lost Storm,Romance,2019,9.9
522,Secret City,War,1999,6.6
523,Rising Hunter,Family,1982,8.5
524,Burning Kingdom,Comedy,2008,1.1
525,Rising Empire,Sci-Fi,1982,7.9
526,Dark Warrior,Drama,2011,3.8
527,Frozen Guardian,Mystery,1998,2.8
528,Burning Guardian,Sci-Fi,2010,5.7
529,Rising Kingdom,Action,2010,7
530,Midnight Mission,Sport,2000,6.4
531,Secret Island,Music,2006,2.6
532,Hidden Ocean,Historical,2001,9.2
533,Midnight Warrior,Fantasy,1980,5
534,Shattered Quest,Action,1999,7.4
535,Broken Forest,Adventure,2002,4.7
536,Shattered Kingdom,Music,1984,5.8
537,Fallen Empire,Sci-Fi,1998,3
538,Lost Guardian,Historical,1982,1.8
539,Shattered Ocean,Horror,2015,6.5
540,Burning Kingdom,Romance,1990,7.3
541,Broken Memory,Crime,2013,8.1
542,Frozen Guardian,Mystery,2004,6.7
543,Wild Empire,Animation,1995,2.3
544,Lost Warrior,Family,1984,3.3
545,Furious Mission,Fantasy,1992,7.4
546,Burning Dream,Animation,2002,6.6
547,Dark Memory,Comedy,1982,6.4
548,Eternal Empire,Action,2012,7.1
549,Lost Chronicle,Thriller,2015,9.2
550,Fallen Hunter,Thriller,2023,3.2
551,Crimson Warrior,Adventure,1989,2.3
552,Silent Mission,Historical,2020,9.2
553,Secret City,Crime,1982,3.2
554,Wild Island,Historical,2009,9.8
555,Furious Shadow,Thriller,1992,8.4
556,Secret Forest,Horror,1989,2.2
557,Dark Journey,Adventure,2018,1.5
558,Eternal Legacy,Adventure,2019,9.6
559,Wild Storm,Action,1985,4.9
560,Eternal Dream,Documentary,2023,2.3
561,Hidden Quest,Sci-Fi,1983,7.8
562,Wild Memory,Horror,2006,4.2
563,Eternal Legacy,Adventure,1989,1.1
564,Broken Warrior,Sport,1985,4.8
565,Wild Shadow,Horror,1981,4.1
566,Furious Journey,Crime,1996,3.5
567,Midnight Battle,Fantasy,2009,8.9
568,Fallen Shadow,Adventure,2007,5.8
569,Silent Kingdom,Sci-Fi,1989,1.1
570,Hidden Dream,Historical,1992,8.9
571,Golden Ocean,Thriller,2015,8.8
572,Crimson Kingdom,Mystery,2008,3.1
573,Burning Memory,Sport,1983,7.9
574,Final Kingdom,Adventure,1999,7.4
575,Frozen Rescue,Animation,2022,2.3
576,Hidden Mission,Crime,2008,9.9
577,Burning Empire,Fantasy,2001,2.8
578,Fallen Memory,Action,2011,4.6
579,Midnight Forest,Sci-Fi,2004,1.6
580,Wild Quest,Animation,2014,8.8
581,Lonely Journey,Mystery,2000,8.9
582,Hidden Battle,Thriller,2004,6
583,Lost Ocean,Fantasy,2005,8.9
584,Dark Island,Sport,2007,2.8
585,Hidden Warrior,Music,2015,8.9
586,Final Island,Thriller,2001,8.9
587,Fallen Legacy,War,1990,3
588,Golden City,Romance,1992,2.7
589,Fallen Battle,Horror,1986,9
590,Golden Mission,Action,1995,6.6
591,Hidden Shadow,Documentary,2005,3.3
592,Brave Memory,War,1983,2.1
593,Wild City,Romance,2004,4.3
594,Dark Ocean,Historical,1998,4.8
595,Silent Quest,Documentary,1986,4.2
596,Lonely Forest,Documentary,1985,6.7
597,Wild Empire,Sport,2016,5.9
598,Frozen Memory,Horror,1992,2.9
599,Broken Island,Mystery,2001,3.3
600,Fallen Storm,Mystery,2002,7.3
601,Furious Quest,Adventure,2020,4.5
602,Lonely Ocean,Adventure,1985,8.4
603,Brave Island,Sci-Fi,2009,6.3
604,Frozen Rescue,Romance,1990,5.3
605,Golden Forest,Sci-Fi,1981,5.6
606,Golden Warrior,Drama,2024,4.7
607,Hidden Memory,Romance,1982,7.4
608,Secret Mission,Animation,2000,8.2
609,Golden Chronicle,Mystery,1984,5.6
610,Burning Empire,Historical,2009,8
611,Midnight Battle,War,2018,5.5
612,Lost Storm,Comedy,2024,9.5
613,Midnight City,Family,2003,6.9
614,Golden Hunter,Historical,1989,1.4
615,Burning Journey,Horror,1990,1.1
616,Golden Battle,War,1985,4.7
617,Silent Chronicle,Comedy,1985,1.1
618,Dark Island,Drama,2016,5.1
619,Wild Battle,Fantasy,2015,3.6
620,Lonely Warrior,Romance,1999,1.8
621,Crimson Storm,War,2025,9.7
622,Midnight Guardian,Family,2001,8.6
623,Rising Rescue,Family,1980,5.8
624,Golden Legacy,Documentary,1995,4.3
625,Silent Hunter,Mystery,2001,2.4
626,Final Mission,Crime,2005,6.9
627,Silent Chronicle,Adventure,1999,7.4
628,Wild Journey,War,1990,2.8
629,Fallen Guardian,War,2020,3.8
630,Rising Storm,Romance,2018,8.4
631,Golden Rescue,Drama,2016,7.5
632,Midnight Warrior,Crime,1997,2.7
633,Frozen Quest,Drama,2019,3.8
634,Burning Battle,Drama,2000,3.2
635,Golden Legacy,Animation,2007,9.4
636,Golden Ocean,Drama,1983,6.1
637,Secret Guardian,Romance,2009,8.4
638,Furious Hunter,Music,2009,8.3
639,Secret Island,Mystery,2007,9.9
640,Final Mission,Documentary,1999,5.6
641,Silent Legacy,Family,1985,7.3
642,Silent Island,War,2019,6.1
643,Midnight Forest,Music,2025,3.5
644,Rising Shadow,Crime,1980,9.8
645,Secret Empire,Thriller,2005,5.5
646,Hidden Rescue,Fantasy,2007,2.3
647,Midnight Journey,Music,1997,1.7
648,Hidden Mission,Sci-Fi,1991,3.9
649,Furious Hunter,Music,1984,8
650,Secret Island,Crime,2025,9
651,Final Journey,Crime,2000,8.2
652,Lonely Journey,Crime,1988,5
653,Burning Quest,Fantasy,1991,3.7
654,Lost Island,Animation,1985,1.6
655,Silent Ocean,Historical,2008,2.6
656,Silent Warrior,Comedy,1995,1.9
657,Burning Journey,Thriller,1986,6.7
658,Crimson Mission,Thriller,1991,6.5
659,Golden Storm,Adventure,2009,3.8
660,Hidden Kingdom,Action,2001,7
661,Frozen Kingdom,Sport,1991,3.8
662,Eternal Dream,Sport,2017,9.6
663,Silent Quest,Fantasy,2002,5.3
664,Eternal Chronicle,Historical,2017,7.9
665,Fallen Memory,Sci-Fi,1989,5.5
666,Wild Guardian,Family,2019,9.7
667,Golden Warrior,Thriller,2004,8
668,Brave Empire,Action,2010,7.5
669,Burning Forest,Animation,2013,4.8
670,Midnight Quest,Mystery,2017,9.7
671,Midnight Battle,Drama,2011,1.6
672,Final Hunter,Documentary,2002,2.5
673,Lost Memory,War,2013,7.3
674,Hidden Battle,Sport,2012,9.1
675,Lost Warrior,War,1997,9
676,Shattered Rescue,Thriller,2015,7.3
677,Burning Storm,Horror,2021,7.7
678,Dark Ocean,Mystery,2003,7.2
679,Hidden Dream,Sport,1984,4.2
680,Frozen Quest,Horror,1999,9.4
681,Lonely Mission,Family,2010,4.8
682,Frozen Warrior,Drama,1994,1.9
683,Lonely Island,Family,1987,7.7
684,Golden Mission,Family,2018,3.2
685,Final Memory,Action,1985,4.3
686,Midnight Storm,Mystery,2007,2.6
687,Lonely Shadow,Sport,1985,7.4
688,Lonely Memory,Romance,2011,7.1
689,Secret Memory,Fantasy,2009,2.2
690,Brave Journey,Animation,1985,6
691,Lost Guardian,Sci-Fi,1995,8.2
692,Hidden Legacy,Historical,1995,5.7
693,Secret Empire,Romance,2003,4.5
694,Dark Warrior,Sport,1988,4
695,Fallen Ocean,Crime,1983,3
696,Lost Hunter,Thriller,2001,5.3
697,Brave Forest,Sport,1990,2.1
698,Brave Kingdom,Crime,1988,4.5
699,Frozen Legacy,Sci-Fi,1984,5.9
700,Furious Chronicle,Documentary,2020,2.6
701,Burning Dream,Mystery,2002,2.8
702,Fallen Guardian,Horror,2019,2.4
703,Crimson Quest,Drama,1987,3.2
704,Eternal Journey,Documentary,2004,3.4
705,Fallen Kingdom,Documentary,2002,4.5
706,Crimson Island,Documentary,1985,9.8
707,Lonely Shadow,Animation,1992,9.1
708,Crimson Battle,Historical,1981,4.6
709,Hidden Kingdom,Music,2019,1.2
710,Final Forest,Sci-Fi,1986,10
711,Fallen Chronicle,Crime,1999,5.4
712,Midnight Battle,Sport,2005,3.9
713,Midnight City,Crime,1996,4.1
714,Rising Forest,Historical,1982,10
715,Eternal Legacy,Crime,1995,1.7
716,Golden Dream,Mystery,1990,8.8
717,Fallen Hunter,Music,1990,2.7
718,Midnight Forest,Action,2024,2.1
719,Furious Chronicle,Mystery,2002,3.1
720,Fallen Hunter,Music,1984,2.5
721,Final Warrior,Romance,1996,6.6
722,Furious Warrior,Documentary,2011,9.7
723,Lost Forest,War,2009,8.5
724,Rising City,Drama,2013,8.4
725,Frozen Battle,Sci-Fi,2011,8.6
726,Dark Mission,Sci-Fi,2003,4
727,Lost Memory,Animation,2000,8
728,Eternal Empire,Adventure,2024,3.5
729,Lost Shadow,Romance,1992,1.9
730,Fallen Storm,Comedy,2006,9.6
731,Burning Rescue,Crime,1988,5.4
732,Secret Forest,War,2010,7.7
733,Hidden City,Crime,2019,5
734,Hidden Storm,Romance,1983,3.8
735,Rising Rescue,Mystery,1999,7.2
736,Eternal Battle,Sport,2022,5
737,Hidden Guardian,Sci-Fi,2021,5.8
738,Eternal Warrior,Mystery,1982,2.4
739,Shattered Chronicle,Horror,2004,5
740,Secret Warrior,Historical,2011,9.4
741,Midnight Storm,Sci-Fi,2008,8.5
742,Fallen Empire,Sport,1994,9.9
743,Burning Dream,Action,1980,5.9
744,Wild Hunter,Music,2020,4.4
745,Hidden Legacy,Fantasy,2022,7.1
746,Frozen Shadow,Comedy,1987,7.5
747,Golden Forest,Mystery,2023,5.1
748,Lonely Legacy,War,2020,8.4
749,Secret Rescue,Music,1980,4.9
750,Lost Dream,Family,2021,6
751,Secret Kingdom,Action,2002,5.4
752,Golden Quest,Action,1981,4.3
753,Silent Hunter,Music,2015,1.1
754,Fallen Forest,War,1988,7.5
755,Brave Forest,War,2020,9.9
756,Shattered Dream,Music,2003,6.6
757,Lonely Island,Historical,2004,4.5
758,Shattered Forest,Family,2022,4.7
759,Frozen Storm,Comedy,2005,1.9
760,Burning Battle,Family,1988,3.8
761,Burning Legacy,Fantasy,1988,4.9
762,Hidden Quest,Documentary,1984,5.8
763,Dark Forest,Documentary,2011,1.4
764,Rising Guardian,Documentary,1999,4.4
765,Hidden Empire,Action,2003,1.5
766,Golden Battle,Horror,1982,9
767,Fallen Shadow,Thriller,2003,4.1
768,Burning Ocean,Sport,1988,8.7
769,Frozen Ocean,Action,2010,3.7
770,Shattered Shadow,Historical,2015,5.2
771,Eternal Shadow,Mystery,1994,5.1
772,Furious Rescue,Family,2015,1.3
773,Eternal Dream,Sci-Fi,2014,7.9
774,Furious Chronicle,Crime,2024,7.9
775,Eternal Rescue,Thriller,2013,2
776,Final Storm,Mystery,1997,2.2
777,Dark Kingdom,Crime,1983,8.9
778,Frozen Island,Adventure,2016,1.9
779,Rising Legacy,Drama,2018,7
780,Frozen Warrior,Drama,2002,10
781,Eternal City,Historical,1986,8.7
782,Crimson Dream,Sci-Fi,2025,4.6
783,Dark Memory,Horror,2012,8
784,Shattered Empire,Historical,2000,5.6
785,Lonely Forest,Animation,2008,10
786,Rising Dream,Romance,2005,6.8
787,Wild Hunter,Sci-Fi,1998,1.3
788,Shattered City,Mystery,2014,9.8
789,Furious Kingdom,Animation,2023,4
790,Burning Island,Adventure,2008,4.1
791,Shattered Legacy,War,1985,1.2
792,Secret Storm,Romance,2020,4.6
793,Rising Ocean,War,2015,6.2
794,Shattered Memory,Horror,2022,9.3
795,Secret Storm,Action,1987,1.1
796,Fallen Kingdom,Animation,1992,1.6
797,Hidden Memory,Sci-Fi,2005,4.2
798,Secret Journey,Sci-Fi,2009,7
799,Shattered Shadow,Crime,2004,3
800,Wild Shadow,Crime,1984,3
801,Broken Shadow,Drama,2001,7.5
802,Golden Kingdom,War,1987,9.5
803,Golden Rescue,Sport,2013,8
804,Furious Rescue,Animation,1987,8.8
805,Fallen Memory,Animation,1991,9.3
806,Golden Rescue,Historical,1987,3.2
807,Eternal Island,Animation,2005,2.5
808,Hidden Empire,Sci-Fi,2000,7.4
809,Wild Chronicle,Comedy,1989,1.5
810,Frozen Chronicle,Family,2015,2.7
811,Lonely Ocean,Sport,1994,1.8
812,Eternal Rescue,Action,1989,9.2
813,Wild Mission,Historical,2007,2.3
814,Golden Journey,Historical,2009,4
815,Lonely Forest,Adventure,2025,3.2
816,Golden Kingdom,Documentary,2023,3.7
817,Midnight Empire,Animation,2020,4.4
818,Crimson Memory,War,1981,5.9
819,Midnight Legacy,Action,1995,1.8
820,Fallen Island,Documentary,2017,7.5
821,Hidden Guardian,Historical,1981,2.1
822,Crimson Legacy,Comedy,1997,7.3
823,Hidden Quest,Horror,2014,1.1
824,Midnight Memory,Thriller,2018,6.7
825,Shattered Empire,Drama,1991,1.4
826,Secret Rescue,Mystery,1994,1.5
827,Broken City,Thriller,1980,6.3
828,Eternal Memory,War,2016,3.4
829,Shattered Mission,Historical,2018,1.8
830,Golden Memory,Drama,2019,5.4
831,Midnight Battle,Drama,1989,5.4
832,Secret Chronicle,Sport,2011,3.5
833,Brave Forest,Fantasy,2013,1.2
834,Lonely Quest,Animation,1984,3.2
835,Eternal Dream,Sci-Fi,1989,2.3
836,Midnight Quest,Crime,1980,9.2
837,Burning Hunter,Family,1992,1.5
838,Golden Hunter,Crime,1994,3.5
839,Final Memory,Action,1997,9.4
840,Burning Ocean,Fantasy,2024,7.4
841,Frozen Empire,Documentary,1985,1.9
842,Broken Guardian,War,2007,7.7
843,Frozen Rescue,Sport,1987,9.6
844,Burning Dream,Horror,2020,8.4
845,Rising Warrior,Thriller,2018,7.7
846,Rising City,Sci-Fi,2021,8.2
847,Lonely Journey,Documentary,1986,3.6
848,Shattered Storm,War,2002,7.6
849,Eternal City,Sport,1991,4
850,Wild Dream,Animation,2020,5.6
851,Rising Storm,Adventure,2017,1.6
852,Lost Ocean,Documentary,1999,6.5
853,Midnight Kingdom,Action,2005,1.4
854,Secret Kingdom,Adventure,2005,7.8
855,Burning Rescue,War,2006,8
856,Golden Guardian,Mystery,2022,2.2
857,Dark Quest,Animation,2010,1.7
858,Fallen Ocean,Mystery,2006,7.8
859,Hidden Legacy,Comedy,2011,9.4
860,Fallen Rescue,Animation,2004,4.7
861,Midnight Island,Animation,1993,9.8
862,Eternal Guardian,War,2018,5.9
863,Silent Shadow,Drama,1994,3.5
864,Crimson Empire,Crime,1986,2.6
865,Rising Storm,Action,1981,5.8
866,Final Legacy,War,1981,3.8
867,Secret Mission,Documentary,2015,6.6
868,Final Shadow,Comedy,2004,4.5
869,Lonely Dream,Comedy,1996,5.2
870,Hidden Ocean,Animation,1981,8.8
871,Burning Mission,Adventure,1980,3.6
872,Crimson Ocean,Sport,2020,4.3
873,Dark Kingdom,Sport,1981,8.5
874,Furious Forest,Action,1993,2.9
875,Frozen Hunter,Sci-Fi,1987,5.9
876,Hidden Journey,Comedy,1984,1.8
877,Secret Empire,Crime,1983,1.5
878,Lost Ocean,Mystery,2010,4.4
879,Secret Hunter,Thriller,2001,7.2
880,Wild Hunter,Sport,2023,4.4
881,Crimson Kingdom,Music,1985,1.6
882,Wild Quest,Documentary,2013,3.6
883,Brave Warrior,Comedy,2002,4.3
884,Rising Kingdom,Action,1982,5.4
885,Frozen Forest,Family,1987,2.3
886,Wild City,Documentary,1986,3.4
887,Midnight Forest,Horror,2020,3.9
888,Silent Warrior,Comedy,2007,6.4
889,Burning Warrior,Comedy,1988,4.1
890,Shattered Hunter,Adventure,2024,7.8
891,Shattered Storm,Fantasy,2003,5.9
892,Eternal Rescue,Comedy,2024,3.4
893,Golden Battle,Crime,2016,6.5
894,Dark Rescue,Sci-Fi,2018,2.7
895,Silent Quest,Sci-Fi,2025,8.7
896,Final Ocean,Sport,2012,7.7
897,Shattered City,Music,2003,7.1
898,Lonely Journey,Sci-Fi,1986,4.7
899,Shattered Journey,Adventure,2000,1.2
900,Final Kingdom,Sport,2004,4.8
901,Frozen Battle,Animation,1981,5.9
902,Fallen Rescue,Horror,1999,2.1
903,Furious Hunter,Documentary,1986,7.6
904,Furious City,Adventure,2019,1.1
905,Fallen Journey,Sport,2020,6.1
906,Broken Chronicle,Crime,2001,7.1
907,Silent Quest,Horror,2002,3.5
908,Final Empire,Family,1985,2.1
909,Midnight Battle,War,1986,3.7
910,Wild Rescue,Comedy,1982,6.5
911,Brave Battle,Mystery,1991,2.7
912,Dark Warrior,Fantasy,1990,2.2
913,Shattered Rescue,Drama,1996,6.7
914,Rising Quest,Family,2014,8.9
915,Lost Forest,Comedy,2022,5.6
916,Secret Mission,War,1980,3.7
917,Furious Dream,Mystery,1992,7.5
918,Lost Warrior,Thriller,2018,7.2
919,Frozen Kingdom,Music,2009,2.7
920,Eternal Hunter,Thriller,1993,4.2
921,Furious Warrior,Animation,1998,2.2
922,Lost Kingdom,Animation,2016,8.9
923,Final Empire,Sci-Fi,2012,7.4
924,Final Memory,Historical,2018,3.3
925,Rising Guardian,Historical,1988,5.1
926,Frozen Battle,Historical,2025,3.4
927,Furious Island,Comedy,2019,9.9
928,Golden Shadow,Romance,2011,1.3
929,Furious Shadow,Crime,2000,7.4
930,Hidden Forest,Action,1987,3.6
931,Burning Mission,Crime,1997,8.6
932,Golden Journey,Crime,2000,4.9
933,Secret Forest,Sport,1988,9.4
934,Broken Legacy,Comedy,2017,9.6
935,Secret City,Thriller,2010,3.4
936,Furious Dream,Action,1995,2
937,Burning Ocean,Adventure,2007,4.3
938,Hidden Forest,Music,2006,7.5
939,Brave Chronicle,Comedy,2020,3.2
940,Rising Legacy,Mystery,2016,1.8
941,Wild Rescue,Adventure,2009,6
942,Eternal City,Romance,1986,1.2
943,Golden Empire,Sport,2002,6.6
944,Brave Quest,Adventure,1985,6.1
945,Secret Battle,Fantasy,2004,9
946,Final Kingdom,Animation,1991,7.5
947,Final Chronicle,Thriller,1995,4.9
948,Lonely Dream,Crime,2022,5.6
949,Wild Guardian,Animation,1983,8.4
950,Shattered Dream,Fantasy,2002,8.5
951,Brave Quest,Mystery,1982,2.8
952,Shattered Warrior,Historical,1997,1.5
953,Lost Battle,Drama,1986,7.7
954,Hidden Guardian,Action,1989,6.2
955,Burning Journey,Music,1996,7.1
956,Furious Island,Mystery,2009,8
957,Silent City,Sci-Fi,1992,9.2
958,Frozen Ocean,Horror,1994,1.7
959,Golden City,Action,1995,9.4
960,Fallen Guardian,Comedy,1986,5.1
961,Fallen Storm,Documentary,2010,3
962,Final Hunter,Fantasy,1981,2.8
963,Lonely Empire,Music,1992,6.3
964,Crimson Island,Fantasy,2001,1.2
965,Secret Shadow,Family,2017,7
966,Lonely Rescue,Adventure,1990,4.9
967,Brave Island,Sci-Fi,2008,2.7
968,Frozen Quest,Mystery,1994,6
969,Burning Chronicle,Romance,1995,8.3
970,Secret Rescue,Mystery,1989,8.3
971,Broken Empire,Crime,2016,8.6
972,Eternal Empire,Horror,2025,7.1
973,Silent Empire,Sci-Fi,1995,4.1
974,Fallen Kingdom,Sport,1997,4.1
975,Broken Empire,Family,2019,4.2
976,Dark Forest,Crime,2009,6.9
977,Secret Storm,Thriller,2025,9.1
978,Rising Journey,Comedy,2019,8.9
979,Midnight Mission,Crime,1989,3.6
980,Midnight Quest,Fantasy,2013,2.5
981,Silent Forest,Crime,1982,8.5
982,Fallen Rescue,Crime,2019,5.4
983,Lost Empire,Fantasy,2007,9.1
984,Shattered Ocean,Mystery,1999,4.6
985,Golden Memory,Family,1981,2.6
986,Golden Chronicle,Thriller,2023,3
987,Fallen Ocean,Sci-Fi,2007,2.8
988,Wild Mission,Horror,2001,6.2
989,Frozen Dream,Documentary,1988,9.8
990,Secret Quest,Drama,2019,10
991,Lost Battle,Comedy,1980,1.3
992,Crimson Journey,Mystery,2025,2
993,Midnight Rescue,Adventure,1988,4.1
994,Silent Battle,Music,2007,9.7
995,Brave Forest,Romance,2012,2.6
996,Wild Empire,Fantasy,1985,1.4
997,Furious Mission,Historical,1990,3.9
998,Shattered Mission,Crime,1981,4.8
999,Wild Quest,Fantasy,1994,9.2
1000,Wild City,Adventure,1993,1.2
